{"cameraMode":{"drawMode":0,"name":"Shaded","section":"Shading Mode"},"sceneLighting":true,"audioPlay":false,"sceneViewState":{"m_AlwaysRefresh":false,"showFog":true,"showSkybox":true,"showFlares":true,"showImageEffects":true,"showParticleSystems":true,"showVisualEffectGraphs":true,"m_FxEnabled":true},"in2DMode":false,"pivot":{"x":-17.59261131286621,"y":6.307525634765625,"z":7.816729545593262},"rotation":{"x":0.2151617407798767,"y":0.019040945917367936,"z":-0.004200152587145567,"w":0.9763924479484558},"size":72.12993621826172,"orthographic":false}